1,2000/10/05,2,8,10,13,27,30,39
2,2000/10/12,1,9,16,20,21,43,5
3,2000/10/19,1,5,15,31,36,38,13
4,2000/10/26,16,18,26,27,34,40,13
5,2000/11/02,9,15,21,23,27,28,43
6,2000/11/09,6,12,23,25,28,38,22
7,2000/11/16,7,19,21,23,33,35,26
8,2000/11/23,11,16,18,20,42,43,28
9,2000/11/30,11,19,23,38,39,42,15
10,2000/12/07,1,3,19,21,35,39,26
11,2000/12/14,12,26,32,37,40,42,16
12,2000/12/21,14,17,27,28,35,39,22
13,2000/12/28,13,29,31,37,41,42,17
14,2001/01/04,2,8,11,35,37,38,43
15,2001/01/11,4,6,11,20,21,28,36
16,2001/01/18,5,12,13,29,34,35,30
17,2001/01/25,14,20,25,34,35,36,11
18,2001/02/01,6,16,18,27,36,41,33
19,2001/02/08,4,8,12,30,33,43,14
20,2001/02/15,7,29,33,35,37,39,19
21,2001/02/22,5,7,13,19,38,41,42
22,2001/03/01,8,12,16,19,20,35,41
23,2001/03/08,7,10,28,32,33,40,13
24,2001/03/15,15,18,19,30,36,38,13
25,2001/03/22,11,32,34,37,40,43,8
26,2001/03/29,3,4,11,12,13,43,22
27,2001/04/05,4,8,20,30,33,38,10
28,2001/04/12,6,11,15,20,31,41,7
29,2001/04/19,8,12,20,35,37,40,33
30,2001/04/26,4,16,17,19,26,37,8
31,2001/05/03,7,18,22,25,28,43,4
32,2001/05/10,3,6,7,23,29,41,33
33,2001/05/17,8,17,22,25,29,41,13
34,2001/05/24,2,20,25,30,37,40,10
35,2001/05/31,3,5,13,30,32,41,28
36,2001/06/07,1,16,20,23,30,40,17
37,2001/06/14,3,5,9,17,21,41,26
38,2001/06/21,2,9,26,27,34,43,42
39,2001/06/28,10,18,22,25,39,42,17
40,2001/07/05,5,17,25,34,38,39,2
41,2001/07/12,18,21,27,33,36,38,23
42,2001/07/19,4,15,21,24,33,37,9
43,2001/07/26,1,2,3,15,24,26,27
44,2001/08/02,3,16,24,31,34,42,36
45,2001/08/09,7,9,28,32,36,38,8
46,2001/08/16,11,14,21,24,25,42,41
47,2001/08/23,3,11,14,25,27,31,22
48,2001/08/30,2,5,28,30,33,40,26
49,2001/09/06,2,13,21,31,32,41,35
50,2001/09/13,5,13,15,25,27,39,40
51,2001/09/20,7,15,24,37,38,41,34
52,2001/09/27,1,16,24,25,36,42,21
53,2001/10/04,2,15,23,37,40,43,25
54,2001/10/11,14,25,26,31,37,42,7
55,2001/10/18,11,12,13,14,37,39,28
56,2001/10/25,10,13,25,31,32,42,40
57,2001/11/01,2,14,22,27,35,42,34
58,2001/11/08,4,8,9,13,16,25,28
59,2001/11/15,9,15,17,30,32,41,31
60,2001/11/22,20,21,23,28,30,42,29
61,2001/11/29,4,8,22,25,27,28,6
62,2001/12/06,2,3,9,12,15,30,42
63,2001/12/13,11,16,20,28,34,40,22
64,2001/12/20,2,14,19,22,32,41,9
65,2001/12/27,2,10,22,23,31,43,28
66,2002/01/10,7,15,17,30,33,35,14
67,2002/01/17,1,4,6,11,18,25,3
68,2002/01/24,16,23,30,35,37,39,38
69,2002/01/31,1,9,31,35,40,41,14
70,2002/02/07,6,11,20,23,24,31,17
71,2002/02/14,1,10,11,13,19,20,3
72,2002/02/21,10,12,24,29,33,37,34
73,2002/02/28,1,6,15,19,27,36,25
74,2002/03/07,3,14,27,28,40,43,39
75,2002/03/14,2,4,9,19,23,31,18
76,2002/03/21,1,10,12,16,20,35,29
77,2002/03/28,5,10,15,28,37,38,13
78,2002/04/04,5,14,23,32,33,43,37
79,2002/04/11,20,22,27,32,36,43,23
80,2002/04/18,1,4,12,16,19,34,18
81,2002/04/25,1,11,15,23,26,27,41
82,2002/05/02,10,12,19,25,26,39,28
83,2002/05/09,1,16,21,28,35,37,30
84,2002/05/16,17,19,26,28,35,37,40
85,2002/05/23,5,13,18,22,23,32,28
86,2002/05/30,3,7,16,24,29,36,26
87,2002/06/06,3,8,12,36,39,41,10
88,2002/06/13,5,6,8,20,21,26,30
89,2002/06/20,3,13,23,30,35,43,21
90,2002/06/27,13,15,17,18,30,32,9
91,2002/07/04,13,15,17,26,41,43,6
92,2002/07/11,5,17,20,24,28,40,16
93,2002/07/18,10,23,33,36,37,41,28
94,2002/07/25,11,16,17,18,29,40,9
95,2002/08/01,2,3,12,15,25,27,33
96,2002/08/08,1,13,15,34,36,43,37
97,2002/08/15,4,10,17,34,35,42,43
98,2002/08/22,7,16,34,37,38,39,8
99,2002/08/29,5,9,12,28,29,39,27
100,2002/09/05,6,8,11,14,31,33,23
101,2002/09/12,21,27,29,30,36,40,23
102,2002/09/19,4,5,18,27,35,36,41
103,2002/09/26,1,16,17,27,29,34,39
104,2002/10/03,1,11,17,26,28,35,12
105,2002/10/10,1,9,14,22,25,34,18
106,2002/10/17,8,11,21,22,25,27,26
107,2002/10/24,4,5,11,12,28,32,37
108,2002/10/31,9,22,23,25,34,37,8
109,2002/11/07,2,5,12,18,30,41,24
110,2002/11/14,5,6,8,19,37,41,9
111,2002/11/21,11,15,21,31,32,43,24
112,2002/11/28,16,18,23,25,29,30,41
113,2002/12/05,3,17,27,29,30,42,6
114,2002/12/12,7,13,14,29,38,42,9
115,2002/12/19,8,9,11,27,37,39,18
116,2002/12/26,8,10,15,16,26,31,42
117,2003/01/09,5,7,19,20,38,43,4
118,2003/01/16,9,13,21,30,32,37,20
119,2003/01/23,3,4,11,12,15,30,17
120,2003/01/30,15,18,22,25,36,40,14
121,2003/02/06,3,8,10,22,28,41,35
122,2003/02/13,19,20,21,25,33,42,41
123,2003/02/20,14,21,26,28,29,31,8
124,2003/02/27,4,17,23,30,39,40,28
125,2003/03/06,11,15,19,30,36,41,10
126,2003/03/13,5,6,9,10,21,38,20
127,2003/03/20,14,16,21,26,37,40,3
128,2003/03/27,6,10,18,20,29,39,21
129,2003/04/03,6,18,25,26,30,42,24
130,2003/04/10,22,30,31,34,38,39,2
131,2003/04/17,6,30,33,34,40,43,1
132,2003/04/24,3,18,23,31,32,37,1
133,2003/05/01,17,24,26,35,40,41,16
134,2003/05/08,2,6,11,14,18,19,21
135,2003/05/15,7,13,30,33,35,36,11
136,2003/05/22,3,13,26,31,32,39,1
137,2003/05/29,10,13,20,22,25,42,14
138,2003/06/05,7,9,10,16,23,29,18
139,2003/06/12,10,21,22,28,37,41,12
140,2003/06/19,17,19,29,37,39,40,10
141,2003/06/26,8,9,14,24,32,39,30
142,2003/07/03,2,16,22,27,29,39,38
143,2003/07/10,17,21,22,27,33,41,43
144,2003/07/17,1,16,19,33,38,41,43
145,2003/07/24,1,4,10,21,23,38,7
146,2003/07/31,7,17,27,36,37,39,4
147,2003/08/07,16,18,20,29,30,38,27
148,2003/08/14,3,16,18,20,28,29,9
149,2003/08/21,8,9,13,20,33,37,19
150,2003/08/28,10,11,18,20,31,43,27
151,2003/09/04,3,8,17,25,28,32,27
152,2003/09/11,4,8,12,16,31,33,17
153,2003/09/18,4,7,8,12,25,26,41
154,2003/09/25,7,9,18,26,27,38,14
155,2003/10/02,5,6,7,18,22,27,41
156,2003/10/09,6,20,22,29,30,35,39
157,2003/10/16,5,8,17,19,25,27,21
158,2003/10/23,1,6,12,35,37,38,30
159,2003/10/30,12,23,30,31,38,42,6
160,2003/11/06,4,10,20,30,31,32,26
161,2003/11/13,23,26,28,33,38,42,8
162,2003/11/20,3,22,25,30,33,37,35
163,2003/11/27,2,3,11,17,24,34,28
164,2003/12/04,1,2,13,14,35,38,32
165,2003/12/11,9,11,16,21,25,36,10
166,2003/12/18,14,18,20,28,34,38,17
167,2003/12/25,10,14,17,19,29,42,2
168,2004/01/08,1,6,31,32,36,39,42
169,2004/01/15,3,15,17,19,26,36,39
170,2004/01/22,10,12,15,17,30,31,6
171,2004/01/29,5,6,17,23,32,33,39
172,2004/02/05,10,11,22,23,33,34,27
173,2004/02/12,6,10,22,30,31,35,18
174,2004/02/19,2,9,16,36,38,42,6
175,2004/02/26,2,3,10,22,28,40,43
176,2004/03/04,8,19,25,31,34,37,30
177,2004/03/11,6,18,19,30,36,41,27
178,2004/03/18,10,22,27,30,36,39,4
179,2004/03/25,3,6,11,13,15,16,23
180,2004/04/01,4,10,11,12,20,36,28
181,2004/04/08,1,2,7,21,29,30,23
182,2004/04/15,22,23,28,37,40,43,30
183,2004/04/22,14,29,31,36,38,40,33
184,2004/04/29,5,7,23,31,39,42,19
185,2004/05/06,8,13,14,18,35,41,33
186,2004/05/13,7,16,18,33,36,41,4
187,2004/05/20,12,21,22,27,39,40,25
188,2004/05/27,3,8,18,25,26,39,38
189,2004/06/03,3,32,35,36,39,40,5
190,2004/06/10,17,23,30,31,39,43,42
191,2004/06/17,4,7,25,27,34,43,35
192,2004/06/24,3,7,19,27,39,41,10
193,2004/07/01,3,4,18,31,40,43,22
194,2004/07/08,4,11,12,21,36,38,37
195,2004/07/15,5,10,12,22,26,41,19
196,2004/07/22,4,5,11,16,30,33,14
197,2004/07/29,9,10,17,22,28,30,19
198,2004/08/05,4,5,6,17,20,42,10
199,2004/08/12,3,14,24,25,33,36,41
200,2004/08/19,4,7,11,19,25,28,2
201,2004/08/26,10,13,16,17,24,39,43
202,2004/09/02,9,18,26,28,33,40,10
203,2004/09/09,12,18,20,27,35,37,39
204,2004/09/16,2,17,20,25,39,42,30
205,2004/09/23,4,7,9,16,18,34,26
206,2004/09/30,1,3,16,22,41,43,13
207,2004/10/07,17,21,23,30,31,34,5
208,2004/10/14,18,24,29,32,35,39,23
209,2004/10/21,8,27,30,35,40,41,9
210,2004/10/28,1,6,21,22,37,40,19
211,2004/11/04,10,14,23,26,33,36,24
212,2004/11/11,1,11,17,32,35,39,20
213,2004/11/18,4,7,18,26,29,43,8
214,2004/11/25,4,7,9,11,20,36,32
215,2004/12/02,1,4,13,18,22,31,30
216,2004/12/09,9,21,29,33,35,41,27
217,2004/12/16,8,19,23,27,29,39,28
218,2004/12/23,8,10,18,22,31,36,4
219,2004/12/30,27,28,29,34,35,39,33
220,2005/01/06,23,25,26,29,33,37,40
221,2005/01/13,8,27,30,31,38,42,13
222,2005/01/20,4,14,15,22,29,31,20
223,2005/01/27,7,9,19,26,30,32,3
224,2005/02/03,12,17,18,19,30,35,13
225,2005/02/10,9,11,21,31,35,38,13
226,2005/02/17,8,26,36,40,42,43,21
227,2005/02/24,6,13,17,29,32,36,35
228,2005/03/03,5,8,17,26,36,39,34
229,2005/03/10,8,16,21,24,27,36,20
230,2005/03/17,4,9,18,31,36,42,34
231,2005/03/24,1,4,6,16,18,43,41
232,2005/03/31,1,5,7,26,39,43,32
233,2005/04/07,6,18,26,40,41,42,9
234,2005/04/14,11,17,24,26,27,30,19
235,2005/04/21,6,21,23,24,28,39,38
236,2005/04/28,1,8,9,14,34,38,4
237,2005/05/05,1,3,11,13,27,37,30
238,2005/05/12,5,10,15,20,33,37,30
239,2005/05/19,4,9,18,30,31,40,24
240,2005/05/26,11,15,26,31,36,39,12
241,2005/06/02,8,14,27,33,36,40,20
242,2005/06/09,1,10,13,22,29,32,38
243,2005/06/16,5,34,35,38,42,43,8
244,2005/06/23,11,12,30,36,38,39,37
245,2005/06/30,3,6,18,24,28,36,21
246,2005/07/07,16,28,32,34,39,42,38
247,2005/07/14,8,16,30,32,34,39,13
248,2005/07/21,11,32,35,36,39,41,6
249,2005/07/28,1,3,17,23,33,35,18
250,2005/08/04,3,8,9,13,22,42,11
251,2005/08/11,2,12,19,25,29,36,26
252,2005/08/18,2,6,13,22,32,33,12
253,2005/08/25,15,16,19,22,36,43,13
254,2005/09/01,12,13,22,23,25,29,40
255,2005/09/08,6,7,12,17,34,42,8
256,2005/09/15,15,17,18,28,30,37,40
257,2005/09/22,7,15,29,30,39,40,11
258,2005/09/29,3,15,16,17,25,31,40
259,2005/10/06,1,12,15,23,34,42,27
260,2005/10/13,11,15,21,31,37,41,30
261,2005/10/20,6,17,18,21,35,41,32
262,2005/10/27,5,7,11,19,21,25,27
263,2005/11/03,1,5,13,22,39,41,4
264,2005/11/10,2,5,6,8,20,27,43
265,2005/11/17,2,3,16,22,23,28,40
266,2005/11/24,11,15,18,24,30,39,7
267,2005/12/01,3,5,8,22,35,38,41
268,2005/12/08,3,6,8,14,24,36,15
269,2005/12/15,1,10,13,15,21,23,36
270,2005/12/22,17,19,21,29,33,38,30
271,2005/12/29,9,10,19,25,40,41,8
272,2006/01/05,7,12,13,20,23,26,41
273,2006/01/12,4,18,20,21,29,40,37
274,2006/01/19,4,5,14,27,31,39,6
275,2006/01/26,4,13,15,31,33,40,8
276,2006/02/02,6,11,27,30,33,36,34
277,2006/02/09,7,9,18,20,30,38,23
278,2006/02/16,9,13,14,17,22,38,33
279,2006/02/23,7,11,12,23,30,43,27
280,2006/03/02,6,12,26,37,38,39,25
281,2006/03/09,3,9,10,11,19,35,30
282,2006/03/16,1,9,17,31,41,43,23
283,2006/03/23,6,9,16,22,27,37,36
284,2006/03/30,20,26,30,33,35,38,4
285,2006/04/06,1,3,9,14,16,29,37
286,2006/04/13,10,11,14,28,31,41,3
287,2006/04/20,1,5,18,34,35,39,7
288,2006/04/27,3,4,11,25,28,33,35
289,2006/05/04,7,9,12,17,34,38,3
290,2006/05/11,11,13,15,17,22,43,8
291,2006/05/18,10,15,20,28,41,43,19
292,2006/05/25,7,14,27,31,34,39,40
293,2006/06/01,6,8,15,17,36,43,38
294,2006/06/08,2,5,13,14,17,20,21
295,2006/06/15,9,12,18,20,37,43,5
296,2006/06/22,4,19,27,30,31,37,10
297,2006/06/29,6,8,9,20,38,40,2
298,2006/07/06,12,25,29,31,35,40,26
299,2006/07/13,2,4,5,17,35,41,18
300,2006/07/20,4,7,29,33,36,39,9
301,2006/07/27,4,5,6,9,10,11,33
302,2006/08/03,2,4,13,23,38,40,24
303,2006/08/10,4,24,31,35,37,39,13
304,2006/08/17,3,7,8,15,17,31,27
305,2006/08/24,1,2,5,23,31,34,43
306,2006/08/31,1,20,25,28,31,42,2
307,2006/09/07,1,7,11,32,33,40,27
308,2006/09/14,3,13,18,20,23,28,35
309,2006/09/21,1,4,26,36,41,42,9
310,2006/09/28,3,4,5,18,28,37,26
311,2006/10/05,1,16,22,36,37,42,34
312,2006/10/12,2,17,22,29,38,42,16
313,2006/10/19,1,19,21,31,32,40,33
314,2006/10/26,3,8,14,30,38,43,6
315,2006/11/02,1,2,17,24,40,41,31
316,2006/11/09,3,4,20,30,40,41,31
317,2006/11/16,7,8,15,30,35,36,40
318,2006/11/23,2,7,13,16,36,37,41
319,2006/11/30,15,20,23,28,37,40,17
320,2006/12/07,1,5,25,27,38,41,9
321,2006/12/14,21,29,31,36,38,41,10
322,2006/12/21,18,19,22,25,35,42,36
323,2006/12/28,9,11,21,23,33,39,26
324,2007/01/04,5,13,27,37,39,41,36
325,2007/01/11,6,7,18,29,33,39,43
326,2007/01/18,1,7,9,14,23,43,19
327,2007/01/25,6,12,14,28,31,36,35
328,2007/02/01,3,7,10,12,19,36,35
329,2007/02/08,6,8,15,17,39,40,37
330,2007/02/15,5,12,16,19,28,39,34
331,2007/02/22,2,8,17,24,32,38,35
332,2007/03/01,7,8,16,24,26,34,19
333,2007/03/08,1,5,7,15,41,42,38
334,2007/03/15,11,14,17,18,34,36,23
335,2007/03/22,4,5,10,23,36,42,8
336,2007/03/29,3,6,13,17,20,29,11
337,2007/04/05,5,15,16,20,34,39,29
338,2007/04/12,8,10,25,31,39,40,35
339,2007/04/19,3,5,9,26,34,36,12
340,2007/04/26,4,10,13,31,35,42,7
341,2007/05/03,4,14,23,25,28,35,41
342,2007/05/10,8,15,26,27,34,38,10
343,2007/05/17,13,28,29,37,38,41,35
344,2007/05/24,8,11,16,20,28,36,42
345,2007/05/31,10,21,22,25,35,37,18
346,2007/06/07,4,9,11,12,32,38,16
347,2007/06/14,8,20,23,27,32,33,13
348,2007/06/21,4,5,6,27,36,38,13
349,2007/06/28,8,13,15,19,20,30,25
350,2007/07/05,13,18,25,26,29,40,6
351,2007/07/12,3,13,16,24,26,43,15
352,2007/07/19,6,8,24,25,34,38,10
353,2007/07/26,1,9,15,16,22,26,29
354,2007/08/02,4,6,22,31,34,41,43
355,2007/08/09,1,11,24,26,36,37,39
356,2007/08/16,1,5,8,12,17,29,28
357,2007/08/23,2,10,11,12,19,38,6
358,2007/08/30,12,31,32,34,39,42,30
359,2007/09/06,3,5,19,20,23,27,40
360,2007/09/13,2,3,6,14,26,42,25
361,2007/09/20,1,21,28,30,37,43,31
362,2007/09/27,7,10,15,20,37,40,28
363,2007/10/04,3,6,7,22,27,31,4
364,2007/10/11,7,11,12,19,33,42,36
365,2007/10/18,6,19,20,28,36,37,11
366,2007/10/25,12,13,15,18,30,41,21
367,2007/11/01,10,13,17,38,41,43,28
368,2007/11/08,7,10,18,21,33,35,13
369,2007/11/15,3,9,12,16,18,37,14
370,2007/11/22,2,11,13,15,16,32,43
371,2007/11/29,14,15,23,24,32,34,31
372,2007/12/06,7,19,28,33,35,39,21
373,2007/12/13,7,14,15,19,35,43,30
374,2007/12/20,4,24,25,26,27,34,28
375,2007/12/27,7,9,14,17,36,37,11
376,2008/01/10,20,21,25,27,34,38,16
377,2008/01/17,2,3,8,20,21,24,13
378,2008/01/24,11,13,19,26,36,43,31
379,2008/01/31,8,13,15,21,33,34,5
380,2008/02/07,17,22,25,26,27,43,16
381,2008/02/14,4,13,15,22,39,41,30
382,2008/02/21,2,6,15,28,29,43,14
383,2008/02/28,7,12,17,18,24,28,43
384,2008/03/06,17,19,20,22,33,41,35
385,2008/03/13,6,31,34,35,37,40,7
386,2008/03/20,2,9,11,15,23,25,27
387,2008/03/27,12,16,19,27,30,32,38
388,2008/04/03,5,12,14,18,20,31,2
389,2008/04/10,6,12,22,25,31,35,28
390,2008/04/17,5,16,17,22,39,43,21
391,2008/04/24,8,20,23,24,29,38,43
392,2008/05/01,10,15,18,30,31,37,11
393,2008/05/08,7,18,27,37,38,43,35
394,2008/05/15,14,27,28,31,37,40,18
395,2008/05/22,15,21,26,28,42,43,39
396,2008/05/29,9,12,21,26,33,40,5
397,2008/06/05,15,16,23,30,39,43,11
398,2008/06/12,2,31,36,37,39,43,13
399,2008/06/19,1,14,17,28,31,37,21
400,2008/06/26,4,9,19,22,23,33,38
401,2008/07/03,14,15,27,34,35,42,37
402,2008/07/10,3,18,23,24,29,33,28
403,2008/07/17,8,10,13,20,24,33,23
404,2008/07/24,3,10,14,18,26,43,33
405,2008/07/31,6,13,19,20,30,31,8
406,2008/08/07,1,2,4,16,36,37,40
407,2008/08/14,11,18,19,30,37,39,38
408,2008/08/21,12,20,23,28,31,32,39
409,2008/08/28,6,13,17,27,28,36,33
410,2008/09/04,2,12,16,20,42,43,28
411,2008/09/11,2,4,6,24,35,39,34
412,2008/09/18,2,6,7,9,16,19,33
413,2008/09/25,2,14,15,26,35,37,25
414,2008/10/02,1,2,4,5,9,25,15
415,2008/10/09,9,28,33,34,37,43,41
416,2008/10/16,12,15,22,24,29,37,6
417,2008/10/23,3,20,23,30,31,37,6
418,2008/10/30,3,12,16,25,32,36,34
419,2008/11/06,5,8,16,25,26,30,1
420,2008/11/13,14,19,21,28,29,31,24
421,2008/11/20,2,6,8,10,25,34,31
422,2008/11/27,5,6,7,8,28,38,36
423,2008/12/04,1,2,3,30,35,36,21
424,2008/12/11,3,13,17,25,40,41,4
425,2008/12/18,2,3,12,20,34,43,4
426,2008/12/25,6,8,9,29,32,37,4
427,2009/01/08,5,12,13,33,39,42,20
428,2009/01/15,8,16,18,35,42,43,13
429,2009/01/22,17,25,29,33,37,42,7
430,2009/01/29,1,8,18,26,34,42,21
431,2009/02/05,1,5,19,20,35,41,33
432,2009/02/12,8,20,23,24,42,43,16
433,2009/02/19,3,9,11,24,26,34,25
434,2009/02/26,3,12,19,33,35,36,37
435,2009/03/05,2,11,12,28,35,37,27
436,2009/03/12,4,12,21,22,27,38,31
437,2009/03/19,2,5,11,21,23,43,15
438,2009/03/26,3,9,16,17,20,31,42
439,2009/04/02,11,14,20,28,32,41,27
440,2009/04/09,9,23,29,30,31,39,18
441,2009/04/16,10,18,33,34,39,41,21
442,2009/04/23,2,23,26,35,41,42,38
443,2009/04/30,6,10,21,22,23,35,5
444,2009/05/07,5,13,16,18,24,32,30
445,2009/05/14,10,20,23,26,37,40,9
446,2009/05/21,3,8,17,26,27,36,13
447,2009/05/28,15,23,29,36,42,43,34
448,2009/06/04,9,23,32,35,39,42,37
449,2009/06/11,19,20,21,23,27,32,24
450,2009/06/18,15,20,21,32,40,42,27
451,2009/06/25,6,14,16,19,26,39,21
452,2009/07/02,1,5,25,27,29,40,19
453,2009/07/09,7,17,19,27,35,40,41
454,2009/07/16,2,16,18,27,42,43,12
455,2009/07/23,11,20,26,28,30,43,24
456,2009/07/30,3,7,15,25,30,39,22
457,2009/08/06,10,12,27,32,34,43,42
458,2009/08/13,1,18,27,30,36,40,5
459,2009/08/20,11,13,27,31,37,43,30
460,2009/08/27,18,22,23,32,35,40,7
461,2009/09/03,8,10,13,30,32,42,12
462,2009/09/10,2,4,6,16,31,33,5
463,2009/09/17,10,13,16,25,30,42,28
464,2009/09/24,10,21,22,25,27,37,36
465,2009/10/01,6,24,27,30,32,38,13
466,2009/10/08,1,4,19,28,34,40,14
467,2009/10/15,18,19,20,24,32,43,41
468,2009/10/22,9,17,26,30,34,40,33
469,2009/10/29,10,12,20,35,40,43,28
470,2009/11/05,1,11,17,23,38,43,18
471,2009/11/12,2,13,14,22,23,32,34
472,2009/11/19,10,17,28,30,36,42,5
473,2009/11/26,6,16,17,22,34,37,26
474,2009/12/03,12,15,19,25,28,41,18
475,2009/12/10,5,9,10,27,33,42,2
476,2009/12/17,7,17,22,30,36,40,2
477,2009/12/24,12,14,16,18,38,41,17
478,2010/01/07,11,14,23,30,31,38,42
479,2010/01/14,5,7,14,17,20,27,3
480,2010/01/21,2,5,17,18,35,38,34
481,2010/01/28,2,9,11,24,25,34,20
482,2010/02/04,4,30,31,36,37,38,19
483,2010/02/11,2,8,15,24,33,35,30
484,2010/02/18,13,19,25,29,32,35,42
485,2010/02/25,14,26,30,33,34,39,19
486,2010/03/04,16,25,27,29,34,41,6
487,2010/03/11,2,6,8,19,22,34,30
488,2010/03/18,5,15,29,34,39,42,6
489,2010/03/25,6,8,12,30,33,43,36
490,2010/04/01,5,9,13,28,34,40,10
491,2010/04/08,7,9,20,27,31,34,33
492,2010/04/15,1,8,12,20,23,37,10
493,2010/04/22,8,26,30,36,41,42,20
494,2010/04/29,8,16,19,23,26,31,6
495,2010/05/06,4,6,20,21,29,33,31
496,2010/05/13,2,6,11,29,32,41,3
497,2010/05/20,6,12,14,17,36,40,34
498,2010/05/27,1,25,36,41,42,43,39
499,2010/06/03,3,9,15,16,22,35,12
500,2010/06/10,6,20,28,31,34,38,10
501,2010/06/17,3,17,21,23,36,38,7
502,2010/06/24,9,12,27,28,29,41,7
503,2010/07/01,1,18,25,27,28,39,11
504,2010/07/08,12,21,22,27,29,31,35
505,2010/07/15,19,21,27,33,34,43,41
506,2010/07/22,5,11,21,27,37,39,26
507,2010/07/29,5,14,19,21,28,31,17
508,2010/08/05,1,7,14,15,24,42,13
509,2010/08/12,3,4,12,18,27,28,40
510,2010/08/19,12,15,26,35,41,43,25
511,2010/08/26,4,22,23,27,38,43,9
512,2010/09/02,14,20,23,25,33,39,34
513,2010/09/09,1,6,12,14,15,19,18
514,2010/09/16,6,7,14,15,19,41,31
515,2010/09/23,2,3,23,25,33,35,34
516,2010/09/30,2,14,16,17,29,30,10
517,2010/10/07,6,10,13,14,28,37,39
518,2010/10/14,14,31,34,35,40,42,25
519,2010/10/21,1,13,25,29,30,33,35
520,2010/10/28,2,4,12,14,26,43,40
521,2010/11/04,1,8,15,21,23,30,33
522,2010/11/11,3,6,16,23,25,43,37
523,2010/11/18,7,8,26,27,41,43,16
524,2010/11/25,7,11,14,18,35,40,43
525,2010/12/02,1,11,17,28,33,38,20
526,2010/12/09,8,14,18,19,26,27,23
527,2010/12/16,5,7,12,23,39,41,9
528,2010/12/23,2,5,12,21,28,32,41
529,2010/12/30,6,19,21,24,31,41,7
530,2011/01/06,1,10,19,30,33,36,35
531,2011/01/13,5,12,16,24,26,33,8
532,2011/01/20,23,28,33,35,37,42,4
533,2011/01/27,6,16,24,31,41,43,7
534,2011/02/03,1,2,19,22,26,37,43
535,2011/02/10,6,14,23,24,27,32,11
536,2011/02/17,4,10,12,14,23,36,2
537,2011/02/24,10,18,22,24,26,37,12
538,2011/03/03,2,11,14,23,26,33,28
539,2011/03/10,3,10,13,17,18,28,24
540,2011/03/17,15,23,29,35,36,41,42
541,2011/03/24,3,4,5,28,34,43,20
542,2011/03/31,10,14,23,35,38,41,17
543,2011/04/04,15,17,18,19,22,31,30
544,2011/04/07,11,14,16,32,41,42,33
545,2011/04/11,16,21,24,28,32,36,35
546,2011/04/14,1,14,30,34,40,43,27
547,2011/04/18,6,10,11,30,32,39,27
548,2011/04/21,12,13,16,28,29,35,5
549,2011/04/25,5,14,27,29,32,33,16
550,2011/04/28,12,15,19,32,36,42,37
551,2011/05/02,15,16,19,21,26,42,10
552,2011/05/05,13,22,26,30,40,41,8
553,2011/05/09,3,9,11,15,27,37,10
554,2011/05/12,16,27,34,35,36,38,37
555,2011/05/16,2,3,7,9,36,42,5
556,2011/05/19,6,9,13,17,29,30,25
557,2011/05/23,6,18,23,32,38,43,37
558,2011/05/26,4,32,33,38,41,43,2
559,2011/05/30,2,7,16,25,26,43,3
560,2011/06/02,4,17,19,37,39,42,16
561,2011/06/06,4,14,30,35,40,41,29
562,2011/06/09,9,10,11,25,30,37,12
563,2011/06/13,4,5,26,28,34,38,8
564,2011/06/16,3,12,18,24,34,39,16
565,2011/06/20,3,6,8,21,28,32,10
566,2011/06/23,10,17,18,29,30,41,7
567,2011/06/27,7,13,17,23,28,34,25
568,2011/06/30,7,10,15,31,32,42,41
569,2011/07/04,4,19,21,25,28,40,38
570,2011/07/07,2,4,10,28,38,43,25
571,2011/07/11,6,20,21,23,33,38,10
572,2011/07/14,10,12,18,38,42,43,40
573,2011/07/18,3,5,21,30,37,38,11
574,2011/07/21,4,11,16,20,26,43,9
575,2011/07/25,4,11,17,21,23,30,18
576,2011/07/28,8,9,21,24,29,37,1
577,2011/08/01,3,12,29,31,36,37,26
578,2011/08/04,16,22,23,27,33,37,36
579,2011/08/08,6,8,17,19,23,42,32
580,2011/08/11,12,15,17,25,35,43,32
581,2011/08/15,5,22,28,29,35,39,21
582,2011/08/18,7,10,14,25,32,38,13
583,2011/08/22,2,12,17,18,40,43,16
584,2011/08/25,10,11,24,26,37,38,21
585,2011/08/29,1,28,32,34,41,42,22
586,2011/09/01,6,7,10,23,36,42,11
587,2011/09/05,10,12,18,27,33,40,42
588,2011/09/08,8,13,18,33,34,36,23
589,2011/09/12,1,9,10,28,41,42,33
590,2011/09/15,20,24,25,27,32,37,2
591,2011/09/19,1,13,16,22,27,33,5
592,2011/09/22,12,14,22,23,34,41,36
593,2011/09/26,2,10,16,26,29,30,4
594,2011/09/29,4,5,15,30,34,38,2
595,2011/10/03,1,5,15,22,39,40,27
596,2011/10/06,2,13,17,24,29,34,12
597,2011/10/10,3,4,7,13,16,23,1
598,2011/10/13,6,10,15,21,36,41,40
599,2011/10/17,1,2,8,13,27,39,36
600,2011/10/20,3,20,23,24,28,35,26
601,2011/10/24,6,22,25,26,30,39,32
602,2011/10/27,8,13,15,18,24,41,27
603,2011/10/31,3,8,18,21,23,42,17
604,2011/11/03,9,15,20,22,28,43,37
605,2011/11/07,1,4,13,25,38,43,11
606,2011/11/10,8,15,24,26,35,42,7
607,2011/11/14,2,3,8,12,20,21,16
608,2011/11/17,4,6,16,17,18,26,40
609,2011/11/21,18,24,36,37,39,41,1
610,2011/11/24,2,5,12,23,26,41,36
611,2011/11/28,10,12,14,24,34,39,16
612,2011/12/01,7,18,31,32,39,40,35
613,2011/12/05,2,6,18,26,32,37,5
614,2011/12/08,2,6,22,25,31,42,1
615,2011/12/12,6,16,24,32,36,43,28
616,2011/12/15,4,7,18,19,24,35,17
617,2011/12/19,5,8,18,28,34,35,10
618,2011/12/22,4,15,21,31,35,42,13
619,2011/12/26,2,11,29,31,33,38,14
620,2011/12/29,7,10,13,19,31,38,12
621,2012/01/05,6,15,16,28,36,40,20
622,2012/01/09,7,16,18,20,27,36,41
623,2012/01/12,7,8,16,35,39,42,9
624,2012/01/16,4,8,12,22,25,30,43
625,2012/01/19,5,17,26,37,39,42,20
626,2012/01/23,6,13,14,22,26,28,10
627,2012/01/26,2,4,7,19,34,42,30
628,2012/01/30,7,13,15,18,29,38,30
629,2012/02/02,6,16,21,30,34,43,36
630,2012/02/06,3,7,13,18,19,41,38
631,2012/02/09,2,5,7,10,36,40,12
632,2012/02/13,3,4,14,21,22,25,26
633,2012/02/16,7,9,11,14,15,18,5
634,2012/02/20,8,10,13,15,20,40,23
635,2012/02/23,8,11,12,15,41,43,22
636,2012/02/27,2,12,21,23,24,26,36
637,2012/03/01,7,12,16,28,31,34,11
638,2012/03/05,6,11,19,28,35,40,14
639,2012/03/08,1,16,20,24,33,34,8
640,2012/03/12,3,11,18,20,33,39,22
641,2012/03/15,3,14,21,24,26,29,32
642,2012/03/19,8,13,14,21,33,41,18
643,2012/03/22,2,6,21,31,35,37,15
644,2012/03/26,4,14,22,23,26,42,2
645,2012/03/29,3,10,12,32,33,43,31
646,2012/04/02,9,12,14,24,28,33,37
647,2012/04/05,2,7,15,22,36,43,27
648,2012/04/09,22,26,27,28,36,43,1
649,2012/04/12,14,22,29,33,36,40,38
650,2012/04/16,12,31,34,40,41,43,6
651,2012/04/19,4,15,17,34,38,40,5
652,2012/04/23,1,10,16,19,20,39,29
653,2012/04/26,13,21,22,26,29,36,31
654,2012/04/30,12,18,21,29,32,38,2
655,2012/05/03,5,10,23,26,28,29,27
656,2012/05/07,2,8,13,17,25,37,30
657,2012/05/10,3,20,29,33,34,40,2
658,2012/05/14,14,24,32,40,41,42,9
659,2012/05/17,21,30,35,39,41,42,3
660,2012/05/21,8,20,31,36,37,38,39
661,2012/05/24,6,9,17,20,33,40,26
662,2012/05/28,12,31,32,34,36,40,6
663,2012/05/31,13,18,21,30,33,40,25
664,2012/06/04,2,8,11,12,26,29,22
665,2012/06/07,13,22,27,29,36,37,40
666,2012/06/11,2,6,28,30,31,41,7
667,2012/06/14,21,31,34,37,39,40,15
668,2012/06/18,7,13,20,27,34,35,22
669,2012/06/21,4,6,10,17,24,33,19
670,2012/06/25,1,4,7,25,32,41,18
671,2012/06/28,5,10,14,16,23,38,21
672,2012/07/02,1,5,23,24,36,43,19
673,2012/07/05,2,6,16,27,28,29,38
674,2012/07/09,8,11,15,22,40,41,39
675,2012/07/12,8,10,15,21,24,34,28
676,2012/07/16,2,8,20,33,38,42,21
677,2012/07/19,4,11,22,31,32,35,23
678,2012/07/23,8,24,25,29,32,40,28
679,2012/07/26,4,5,7,37,41,42,39
680,2012/07/30,8,9,23,34,38,41,6
681,2012/08/02,1,11,13,30,37,41,27
682,2012/08/06,3,5,7,18,19,41,34
683,2012/08/09,16,24,29,32,35,38,37
684,2012/08/13,6,7,13,18,27,33,16
685,2012/08/16,12,23,27,32,39,43,15
686,2012/08/20,21,24,26,35,37,38,16
687,2012/08/23,16,20,27,33,40,42,34
688,2012/08/27,9,12,16,33,34,35,1
689,2012/08/30,6,8,12,17,24,31,38
690,2012/09/03,7,8,10,21,34,38,30
691,2012/09/06,4,7,8,15,16,42,23
692,2012/09/10,9,10,12,19,21,42,15
693,2012/09/13,4,14,18,22,32,35,10
694,2012/09/17,8,23,27,31,38,40,3
695,2012/09/20,4,7,11,12,13,19,27
696,2012/09/24,2,10,14,19,36,39,9
697,2012/09/27,2,12,14,18,40,41,6
698,2012/10/01,5,20,21,26,30,33,27
699,2012/10/04,12,13,21,25,29,32,20
700,2012/10/08,1,8,17,24,33,35,11
701,2012/10/11,20,22,24,32,36,39,29
702,2012/10/15,1,20,23,37,38,40,4
703,2012/10/18,20,24,27,28,38,41,4
704,2012/10/22,7,10,16,18,19,37,20
705,2012/10/25,14,15,16,18,20,33,3
706,2012/10/29,2,8,29,31,34,37,9
707,2012/11/01,8,15,21,32,40,41,7
708,2012/11/05,2,13,20,22,25,38,35
709,2012/11/08,1,11,13,29,37,39,8
710,2012/11/12,4,5,9,20,33,37,35
711,2012/11/15,5,11,15,24,34,39,37
712,2012/11/19,2,5,8,9,14,25,18
713,2012/11/22,19,20,21,24,25,26,35
714,2012/11/26,2,14,26,28,29,42,13
715,2012/11/29,5,10,12,25,28,31,36
716,2012/12/03,5,7,14,24,25,35,32
717,2012/12/06,13,14,16,21,29,42,20
718,2012/12/10,15,20,27,29,33,43,18
719,2012/12/13,11,14,27,31,34,42,13
720,2012/12/17,25,26,27,28,35,38,19
721,2012/12/20,1,14,23,24,27,40,10
722,2012/12/24,6,11,32,34,35,39,18
723,2012/12/27,16,27,28,36,39,42,2
724,2013/01/07,4,9,32,37,38,39,31
725,2013/01/10,5,6,7,20,31,41,22
726,2013/01/14,13,21,30,31,37,40,14
727,2013/01/17,3,24,26,27,39,41,4
728,2013/01/21,10,15,22,23,38,42,12
729,2013/01/24,2,10,16,18,27,42,22
730,2013/01/28,10,15,21,22,33,35,1
731,2013/01/31,6,7,23,25,38,42,21
732,2013/02/04,20,33,35,36,37,38,29
733,2013/02/07,5,13,14,26,37,38,28
734,2013/02/11,10,19,22,27,29,39,21
735,2013/02/14,5,12,19,22,32,39,14
736,2013/02/18,2,14,17,19,38,43,6
737,2013/02/21,6,10,21,24,27,39,11
738,2013/02/25,14,21,22,32,33,41,9
739,2013/02/28,11,13,18,20,28,38,31
740,2013/03/04,8,9,15,26,37,40,18
741,2013/03/07,8,11,15,29,36,43,18
742,2013/03/11,2,12,13,14,22,35,4
743,2013/03/14,3,4,8,10,14,37,32
744,2013/03/18,2,5,12,14,30,42,3
745,2013/03/21,8,12,16,23,33,34,6
746,2013/03/25,6,9,10,29,31,35,28
747,2013/03/28,8,19,20,23,24,35,5
748,2013/04/01,2,14,16,27,28,30,21
749,2013/04/04,7,8,11,13,23,40,25
750,2013/04/08,4,6,13,16,18,39,34
751,2013/04/11,13,16,21,25,31,38,43
752,2013/04/15,3,5,13,18,22,37,14
753,2013/04/18,2,4,11,15,20,38,18
754,2013/04/22,16,27,33,35,39,41,42
755,2013/04/25,10,16,20,25,29,39,2
756,2013/04/29,8,10,24,26,27,28,32
757,2013/05/02,4,10,14,19,35,38,17
758,2013/05/06,11,19,20,25,38,40,33
759,2013/05/09,14,22,25,28,37,41,31
760,2013/05/13,3,4,6,15,32,40,34
761,2013/05/16,8,10,11,12,20,40,42
762,2013/05/20,6,8,9,20,24,27,40
763,2013/05/23,6,8,10,21,39,42,36
764,2013/05/27,6,7,24,34,42,43,14
765,2013/05/30,4,14,17,22,26,41,6
766,2013/06/03,6,10,12,32,37,39,33
767,2013/06/06,2,6,11,27,29,37,14
768,2013/06/10,1,8,19,25,32,38,39
769,2013/06/13,1,2,4,16,17,38,8
770,2013/06/17,17,19,21,22,36,37,25
771,2013/06/20,15,21,31,32,33,34,27
772,2013/06/24,7,11,16,19,20,23,30
773,2013/06/27,4,7,10,11,12,32,9
774,2013/07/01,2,4,9,13,16,33,15
775,2013/07/04,1,2,21,22,37,38,17
776,2013/07/08,2,8,14,23,28,42,25
777,2013/07/11,15,16,23,29,37,39,42
778,2013/07/15,5,11,17,24,35,41,3
779,2013/07/18,10,13,27,34,36,39,7
780,2013/07/22,6,7,12,26,39,43,4
781,2013/07/25,5,6,15,23,40,43,39
782,2013/07/29,19,21,23,24,27,43,10
783,2013/08/01,9,14,22,24,25,32,13
784,2013/08/05,1,9,23,29,37,41,22
785,2013/08/08,1,9,18,20,24,29,15
786,2013/08/12,10,11,17,31,35,39,23
787,2013/08/15,4,5,13,21,33,34,15
788,2013/08/19,2,8,13,27,31,32,16
789,2013/08/22,12,17,29,32,38,40,28
790,2013/08/26,9,13,19,27,34,38,8
791,2013/08/29,1,10,22,24,34,37,20
792,2013/09/02,1,7,14,25,37,43,4
793,2013/09/05,10,13,14,19,26,43,12
794,2013/09/09,15,22,25,29,34,42,2
795,2013/09/12,13,19,24,28,33,38,29
796,2013/09/16,1,7,11,14,22,34,2
797,2013/09/19,1,4,13,18,23,39,35
798,2013/09/23,1,3,5,25,39,41,34
799,2013/09/26,4,6,8,10,19,28,25
800,2013/09/30,8,12,22,23,25,35,43
801,2013/10/03,2,18,19,20,25,31,32
802,2013/10/07,9,13,18,19,25,30,15
803,2013/10/10,9,29,33,34,35,41,27
804,2013/10/14,6,20,23,25,31,33,30
805,2013/10/17,2,14,19,22,24,43,6
806,2013/10/21,3,16,19,25,39,40,29
807,2013/10/24,1,6,12,20,22,23,27
808,2013/10/28,13,18,22,28,41,42,26
809,2013/10/31,2,11,20,31,32,37,17
810,2013/11/04,3,31,32,38,39,40,37
811,2013/11/07,2,6,20,24,31,40,34
812,2013/11/11,1,12,15,26,34,40,22
813,2013/11/14,9,10,12,13,28,38,39
814,2013/11/18,4,7,15,23,38,42,1
815,2013/11/21,1,2,6,24,25,41,29
816,2013/11/25,5,14,19,24,27,37,9
817,2013/11/28,16,21,27,32,34,43,42
818,2013/12/02,5,21,24,34,37,38,16
819,2013/12/05,10,19,23,25,30,40,14
820,2013/12/09,1,11,19,28,39,43,16
821,2013/12/12,7,10,12,34,40,43,16
822,2013/12/16,6,11,15,24,27,33,29
823,2013/12/19,5,6,23,30,37,38,28
824,2013/12/23,16,19,26,27,29,32,4
825,2013/12/26,6,10,12,16,39,40,20
826,2013/12/30,5,15,22,24,29,36,2
827,2014/01/06,2,4,23,24,33,41,5
828,2014/01/09,2,9,10,24,25,43,26
829,2014/01/13,2,3,23,32,36,39,20
830,2014/01/16,5,6,9,18,28,40,22
831,2014/01/20,3,4,7,13,22,31,19
832,2014/01/23,19,24,27,31,32,33,17
833,2014/01/27,5,6,13,20,22,28,2
834,2014/01/30,4,17,27,39,41,42,8
835,2014/02/03,5,9,10,28,39,40,24
836,2014/02/06,7,11,31,34,38,43,28
837,2014/02/10,5,17,34,37,39,42,28
838,2014/02/13,12,28,32,36,38,43,13
839,2014/02/17,1,3,5,12,13,38,37
840,2014/02/20,3,4,17,24,27,34,39
841,2014/02/24,8,22,24,28,31,36,38
842,2014/02/27,8,11,17,26,33,43,24
843,2014/03/03,3,7,8,26,42,43,11
844,2014/03/06,2,5,18,27,35,38,24
845,2014/03/10,2,12,13,22,24,34,20
846,2014/03/13,9,14,18,28,30,33,4
847,2014/03/17,9,10,23,31,35,36,38
848,2014/03/20,6,7,13,15,35,39,33
849,2014/03/24,1,3,4,10,15,40,34
850,2014/03/27,2,11,30,32,38,41,4
851,2014/03/31,5,8,14,20,26,27,7
852,2014/04/03,3,17,22,23,27,40,35
853,2014/04/07,2,9,22,26,31,35,7
854,2014/04/10,4,11,14,18,25,37,42
855,2014/04/14,10,13,15,25,37,42,30
856,2014/04/17,10,24,32,34,38,40,43
857,2014/04/21,1,3,6,17,28,42,24
858,2014/04/24,3,14,29,32,33,42,40
859,2014/04/28,1,12,15,17,21,36,24
860,2014/05/01,14,16,32,35,38,41,6
861,2014/05/05,4,17,21,28,35,42,29
862,2014/05/08,5,10,16,34,36,39,43
863,2014/05/12,4,14,18,26,35,36,2
864,2014/05/15,19,21,24,28,32,40,12
865,2014/05/19,5,7,8,12,23,25,26
866,2014/05/22,1,3,10,21,29,43,39
867,2014/05/26,2,14,21,26,37,38,18
868,2014/05/29,5,18,19,26,31,43,10
869,2014/06/02,5,7,23,24,37,38,40
870,2014/06/05,1,11,14,21,23,39,26
871,2014/06/09,3,10,11,13,20,27,25
872,2014/06/12,6,10,17,18,19,24,7
873,2014/06/16,4,22,26,27,32,43,20
874,2014/06/19,2,8,21,27,33,37,42
875,2014/06/23,4,5,11,13,22,25,43
876,2014/06/26,11,12,18,25,35,39,9
877,2014/06/30,3,14,17,32,35,43,10
878,2014/07/03,5,14,16,22,25,40,43
879,2014/07/07,24,27,34,35,36,43,25
880,2014/07/10,1,8,11,16,25,32,19
881,2014/07/14,4,6,12,18,28,41,35
882,2014/07/17,5,15,23,26,30,36,6
883,2014/07/21,10,16,25,29,38,42,23
884,2014/07/24,2,7,25,26,38,42,19
885,2014/07/28,22,28,33,36,37,41,14
886,2014/07/31,7,10,13,23,34,39,11
887,2014/08/04,3,4,6,18,32,37,7
888,2014/08/07,2,4,9,36,37,39,43
889,2014/08/11,2,10,21,28,41,43,12
890,2014/08/14,1,4,6,14,28,31,21
891,2014/08/18,7,9,14,30,42,43,24
892,2014/08/21,14,19,31,35,40,43,38
893,2014/08/25,10,12,26,28,29,37,34
894,2014/08/28,4,5,9,20,21,32,40
895,2014/09/01,5,12,24,25,37,38,39
896,2014/09/04,5,6,21,27,32,38,34
897,2014/09/08,8,10,14,15,27,30,12
898,2014/09/11,13,17,21,25,29,37,23
899,2014/09/15,3,10,15,18,27,40,38
900,2014/09/18,8,12,21,22,31,35,2
901,2014/09/22,6,13,22,28,29,37,14
902,2014/09/25,11,21,26,31,32,33,22
903,2014/09/29,1,3,6,7,16,19,12
904,2014/10/02,2,4,6,15,21,41,29
905,2014/10/06,4,15,24,40,41,42,31
906,2014/10/09,6,9,12,13,30,40,31
907,2014/10/13,5,13,18,22,27,41,19
908,2014/10/16,6,14,21,22,23,30,32
909,2014/10/20,12,15,21,27,30,35,28
910,2014/10/23,11,12,13,17,25,33,14
911,2014/10/27,8,16,18,22,27,35,3
912,2014/10/30,5,14,19,20,32,42,11
913,2014/11/03,5,8,20,31,36,41,16
914,2014/11/06,2,3,26,33,36,40,19
915,2014/11/10,7,12,21,33,38,40,42
916,2014/11/13,6,14,25,27,38,43,21
917,2014/11/17,2,6,25,26,41,42,18
918,2014/11/20,10,15,25,29,34,36,39
919,2014/11/24,2,9,12,17,33,42,26
920,2014/11/27,9,17,27,30,35,38,6
921,2014/12/01,5,7,26,36,38,39,32
922,2014/12/04,4,6,19,32,33,38,1
923,2014/12/08,5,13,30,31,32,35,29
924,2014/12/11,13,20,24,32,35,42,43
925,2014/12/15,25,26,27,28,32,37,40
926,2014/12/18,16,26,32,35,37,39,25
927,2014/12/22,2,29,30,31,33,34,37
928,2014/12/25,1,21,23,26,31,33,14
929,2014/12/29,10,12,15,25,31,34,26
930,2015/01/05,10,12,37,39,40,43,11
931,2015/01/08,14,18,19,24,25,33,21
932,2015/01/12,4,15,30,37,42,43,32
933,2015/01/15,5,9,20,21,31,41,26
934,2015/01/19,3,7,16,17,20,32,12
935,2015/01/22,2,12,14,26,38,43,8
936,2015/01/26,1,3,12,16,20,35,5
937,2015/01/29,13,15,21,25,36,41,8
938,2015/02/02,5,9,12,19,30,35,29
939,2015/02/05,8,11,15,17,26,43,32
940,2015/02/09,1,18,28,31,35,37,39
941,2015/02/12,5,12,22,29,38,39,19
942,2015/02/16,2,3,14,27,28,38,8
943,2015/02/19,9,10,14,15,39,43,25
944,2015/02/23,7,20,25,29,33,37,27
945,2015/02/26,3,10,15,23,36,37,31
946,2015/03/02,2,9,12,16,31,36,41
947,2015/03/05,1,6,21,23,27,40,9
948,2015/03/09,7,16,17,28,39,43,24
949,2015/03/12,5,19,26,36,39,43,9
950,2015/03/16,2,6,16,24,30,41,18
951,2015/03/19,11,15,22,23,26,30,37
952,2015/03/23,10,16,22,25,31,39,27
953,2015/03/26,2,9,17,38,39,42,20
954,2015/03/30,3,23,24,28,29,42,41
955,2015/04/02,14,19,27,28,37,42,24
956,2015/04/06,1,4,6,22,24,38,34
957,2015/04/09,2,11,22,32,36,42,20
958,2015/04/13,9,18,23,24,26,30,21
959,2015/04/16,1,16,18,28,36,38,42
960,2015/04/20,5,18,23,32,35,39,10
961,2015/04/23,5,11,17,18,19,25,34
962,2015/04/27,4,6,10,24,32,37,35
963,2015/04/30,4,23,29,31,32,35,17
964,2015/05/04,2,21,23,29,30,43,26
965,2015/05/07,10,12,19,20,21,22,13
966,2015/05/11,10,22,31,34,36,43,30
967,2015/05/14,1,11,26,30,32,40,8
968,2015/05/18,6,10,15,20,23,26,17
969,2015/05/21,3,9,19,22,23,40,10
970,2015/05/25,2,4,18,23,31,38,1
971,2015/05/28,2,3,4,12,22,29,11
972,2015/06/01,2,7,17,18,21,40,29
973,2015/06/04,1,5,6,12,30,31,24
974,2015/06/08,2,3,29,30,32,43,26
975,2015/06/11,3,11,13,27,29,36,15
976,2015/06/15,6,13,22,28,42,43,29
977,2015/06/18,10,15,17,27,42,43,33
978,2015/06/22,3,11,19,30,38,42,31
979,2015/06/25,9,12,16,18,27,38,10
980,2015/06/29,15,20,23,35,38,42,13
981,2015/07/02,14,19,22,23,31,37,21
982,2015/07/06,15,19,21,22,29,40,42
983,2015/07/09,15,19,32,35,36,38,31
984,2015/07/13,14,23,24,28,37,38,20
985,2015/07/16,3,11,19,26,29,38,31
986,2015/07/20,4,11,17,30,36,43,5
987,2015/07/23,3,14,15,24,25,36,33
988,2015/07/27,5,6,10,22,34,41,19
989,2015/07/30,5,7,31,33,36,39,21
990,2015/08/03,4,12,16,27,28,41,42
991,2015/08/06,3,18,21,25,29,37,35
992,2015/08/10,4,6,8,22,27,38,34
993,2015/08/13,1,5,10,32,38,40,18
994,2015/08/17,18,22,29,31,39,43,9
995,2015/08/20,7,11,17,21,37,39,36
996,2015/08/24,1,3,14,26,27,42,25
997,2015/08/27,3,5,8,11,33,43,23
998,2015/08/31,1,3,12,19,26,29,28
999,2015/09/03,8,15,17,30,32,36,43
1000,2015/09/07,1,15,21,22,26,29,37
1001,2015/09/10,9,12,15,16,18,35,2
1002,2015/09/14,8,14,22,25,27,41,11
1003,2015/09/17,13,22,26,34,38,43,42
1004,2015/09/21,3,21,23,24,27,32,36
1005,2015/09/24,5,13,20,24,25,27,42
1006,2015/09/28,7,8,16,31,32,33,12
1007,2015/10/01,3,8,17,25,28,43,42
1008,2015/10/05,11,14,16,21,24,39,36
1009,2015/10/08,3,19,34,36,40,43,28
1010,2015/10/12,6,12,16,24,25,37,17
1011,2015/10/15,23,26,27,29,30,43,6
1012,2015/10/19,9,11,19,22,27,38,2
1013,2015/10/22,3,20,36,38,39,41,22
1014,2015/10/26,2,3,9,19,40,42,6
1015,2015/10/29,9,14,20,23,27,32,22
1016,2015/11/02,1,14,31,32,39,42,34
1017,2015/11/05,1,4,24,30,39,40,5
1018,2015/11/09,3,22,25,28,32,39,21
1019,2015/11/12,8,14,15,22,25,40,19
1020,2015/11/16,2,25,27,28,35,42,6
1021,2015/11/19,3,30,32,33,34,39,28
1022,2015/11/23,3,15,19,30,34,37,12
1023,2015/11/26,9,17,24,25,33,40,43
1024,2015/11/30,2,4,5,20,37,43,32
1025,2015/12/03,10,17,20,21,36,43,34
1026,2015/12/07,1,8,11,17,22,26,31
1027,2015/12/10,13,16,17,19,20,38,18
1028,2015/12/14,7,10,18,21,28,36,40
1029,2015/12/17,5,13,22,31,37,39,4
1030,2015/12/21,4,9,17,20,23,42,19
1031,2015/12/24,2,4,7,22,32,35,1
1032,2015/12/28,11,20,21,30,36,43,17
1033,2016/01/04,1,15,21,24,37,41,7
1034,2016/01/07,14,20,24,25,31,32,29
1035,2016/01/11,9,15,17,19,27,33,40
1036,2016/01/14,2,8,17,27,30,31,13
1037,2016/01/18,1,3,12,13,21,32,41
1038,2016/01/21,3,7,24,25,27,39,20
1039,2016/01/25,6,9,20,34,37,41,25
1040,2016/01/28,7,13,15,21,23,34,12
1041,2016/02/01,14,22,27,29,33,37,24
1042,2016/02/04,4,10,11,12,18,25,36
1043,2016/02/08,21,29,30,32,38,42,16
1044,2016/02/11,3,7,16,26,34,39,23
1045,2016/02/15,1,19,21,30,31,43,18
1046,2016/02/18,6,13,17,18,27,43,21
1047,2016/02/22,5,9,13,31,32,35,26
1048,2016/02/25,26,27,30,31,34,40,20
1049,2016/02/29,3,6,15,23,24,31,11
1050,2016/03/03,3,8,14,28,31,43,35
1051,2016/03/07,5,13,20,28,30,32,16
1052,2016/03/10,6,26,34,37,42,43,13
1053,2016/03/14,4,11,23,27,35,42,15
1054,2016/03/17,7,9,10,19,28,33,36
1055,2016/03/21,5,11,20,25,26,32,6
1056,2016/03/24,14,16,19,29,32,37,24
1057,2016/03/28,2,11,19,21,28,38,25
1058,2016/03/31,11,12,17,23,29,43,37
1059,2016/04/04,8,26,27,29,35,43,6
1060,2016/04/07,5,10,16,17,32,37,36
1061,2016/04/11,1,12,14,16,20,29,4
1062,2016/04/14,2,7,28,39,42,43,41
1063,2016/04/18,6,12,13,34,38,42,41
1064,2016/04/21,4,13,18,27,30,39,34
1065,2016/04/25,11,13,27,37,41,42,40
1066,2016/04/28,2,11,29,36,40,42,17
1067,2016/05/02,5,9,25,27,28,33,10
1068,2016/05/05,3,9,21,34,35,42,4
1069,2016/05/09,12,17,26,30,33,40,8
1070,2016/05/12,11,21,25,34,35,36,15
1071,2016/05/16,1,10,25,27,31,40,3
1072,2016/05/19,3,17,20,32,36,43,4
1073,2016/05/23,1,3,5,8,20,39,30
1074,2016/05/26,8,9,16,27,30,33,19
1075,2016/05/30,7,8,21,24,34,42,1
1076,2016/06/02,21,22,24,30,31,43,19
1077,2016/06/06,1,4,9,23,30,36,5
1078,2016/06/09,3,12,20,33,35,41,34
1079,2016/06/13,8,12,19,24,30,36,42
1080,2016/06/16,6,15,16,19,38,41,23
1081,2016/06/20,6,8,13,17,18,20,28
1082,2016/06/23,9,12,19,21,39,40,16
1083,2016/06/27,10,13,15,18,25,38,20
1084,2016/06/30,1,7,20,28,34,38,16
1085,2016/07/04,3,20,21,30,34,35,23
1086,2016/07/07,3,7,9,31,38,43,29
1087,2016/07/11,10,13,26,27,30,36,6
1088,2016/07/14,5,8,16,24,32,33,22
1089,2016/07/18,5,17,19,22,41,42,4
1090,2016/07/21,3,10,15,22,27,40,23
1091,2016/07/25,21,22,24,26,28,30,38
1092,2016/07/28,2,11,18,27,30,33,14
1093,2016/08/01,4,19,26,40,42,43,9
1094,2016/08/04,6,7,20,24,28,43,11
1095,2016/08/08,3,6,15,18,23,27,38
1096,2016/08/11,6,19,21,31,38,41,40
1097,2016/08/15,1,5,8,14,19,21,4
1098,2016/08/18,1,19,31,33,35,43,29
1099,2016/08/22,6,8,12,17,18,24,35
1100,2016/08/25,2,6,16,23,32,35,37
1101,2016/08/29,4,5,7,10,13,16,1
1102,2016/09/01,3,6,9,13,36,37,32
1103,2016/09/05,8,13,14,18,24,38,25
1104,2016/09/08,15,25,32,33,36,38,40
1105,2016/09/12,12,15,25,31,39,40,26
1106,2016/09/15,1,4,8,10,18,33,15
1107,2016/09/19,6,7,12,22,30,33,36
1108,2016/09/22,12,25,29,32,38,43,35
1109,2016/09/26,6,8,14,27,36,42,28
1110,2016/09/29,1,6,21,34,36,39,29
1111,2016/10/03,6,16,17,27,33,41,42
1112,2016/10/06,6,9,15,19,39,42,34
1113,2016/10/10,1,12,14,26,34,41,6
1114,2016/10/13,2,7,9,28,38,39,26
1115,2016/10/17,3,10,12,26,38,42,4
1116,2016/10/20,1,11,33,34,35,38,29
1117,2016/10/24,2,6,7,9,19,23,21
1118,2016/10/27,1,11,21,25,34,36,28
1119,2016/10/31,3,6,15,21,42,43,11
1120,2016/11/03,10,12,13,29,35,39,33
1121,2016/11/07,2,8,31,38,40,42,41
1122,2016/11/10,22,24,29,31,32,34,40
1123,2016/11/14,4,8,23,29,34,35,15
1124,2016/11/17,1,16,24,28,40,42,33
1125,2016/11/21,2,16,19,20,24,36,27
1126,2016/11/24,4,5,26,30,34,42,27
1127,2016/11/28,9,15,17,21,23,42,24
1128,2016/12/01,3,15,21,29,30,35,39
1129,2016/12/05,6,11,19,28,30,43,32
1130,2016/12/08,1,11,37,38,39,42,26
1131,2016/12/12,6,12,25,36,38,41,18
1132,2016/12/15,4,5,24,29,33,35,40
1133,2016/12/19,3,18,19,20,37,38,9
1134,2016/12/22,5,6,12,14,30,38,29
1135,2016/12/26,20,22,28,29,32,41,14
1136,2016/12/29,3,4,7,8,22,33,18
1137,2017/01/05,1,18,21,31,37,41,20
1138,2017/01/09,8,15,21,24,35,38,22
1139,2017/01/12,4,6,14,17,23,33,26
1140,2017/01/16,11,21,30,31,36,37,23
1141,2017/01/19,1,4,10,14,24,26,29
1142,2017/01/23,12,13,19,23,28,35,31
1143,2017/01/26,19,21,31,39,42,43,29
1144,2017/01/30,7,13,14,33,39,43,29
1145,2017/02/02,1,4,15,18,25,28,36
1146,2017/02/06,1,10,19,23,26,34,27
1147,2017/02/09,2,3,10,16,26,27,23
1148,2017/02/13,3,5,16,23,31,43,39
1149,2017/02/16,2,14,22,23,35,43,31
1150,2017/02/20,7,11,17,27,32,40,18
1151,2017/02/23,5,23,25,26,29,31,19
1152,2017/02/27,6,8,10,33,35,43,22
1153,2017/03/02,4,15,20,24,26,30,29
1154,2017/03/06,8,12,30,36,41,42,4
1155,2017/03/09,14,19,22,23,28,43,25
1156,2017/03/13,3,6,19,31,35,40,12
1157,2017/03/16,5,17,20,28,39,42,1
1158,2017/03/20,22,24,27,30,32,40,23
1159,2017/03/23,1,4,15,16,23,30,17
1160,2017/03/27,9,22,31,32,34,43,24
1161,2017/03/30,1,2,12,16,19,40,18
1162,2017/04/03,3,4,8,12,24,37,10
1163,2017/04/06,11,17,19,24,33,41,9
1164,2017/04/10,4,7,11,33,34,37,24
1165,2017/04/13,18,20,21,24,40,42,25
1166,2017/04/17,4,8,17,20,29,41,3
1167,2017/04/20,6,13,20,25,36,42,28
1168,2017/04/24,1,3,8,14,35,39,18
1169,2017/04/27,19,24,25,36,37,43,10
1170,2017/05/01,1,8,13,19,23,28,39
1171,2017/05/04,9,10,13,21,34,36,40
1172,2017/05/08,3,10,31,32,38,39,15
1173,2017/05/11,5,7,11,16,33,38,25
1174,2017/05/15,7,8,9,25,29,31,28
1175,2017/05/18,2,4,6,21,27,37,10
1176,2017/05/22,2,9,18,23,29,32,34
1177,2017/05/25,2,5,21,22,23,38,36
1178,2017/05/29,16,17,20,22,29,40,31
1179,2017/06/01,5,12,27,36,39,40,37
1180,2017/06/05,2,4,5,13,18,21,40
1181,2017/06/08,15,16,17,29,31,32,12
1182,2017/06/12,5,6,10,13,24,33,40
1183,2017/06/15,2,19,22,25,32,36,39
1184,2017/06/19,2,6,21,30,31,36,41
1185,2017/06/22,6,15,18,26,27,31,38
1186,2017/06/26,8,10,20,25,38,43,39
1187,2017/06/29,3,13,18,20,24,31,37
1188,2017/07/03,3,9,19,20,23,30,14
1189,2017/07/06,8,24,28,30,38,41,32
1190,2017/07/10,1,3,13,29,38,39,8
1191,2017/07/13,3,5,11,20,25,32,30
1192,2017/07/17,15,17,18,22,30,39,28
1193,2017/07/20,1,2,7,8,10,42,28
1194,2017/07/24,12,18,20,23,33,40,1
1195,2017/07/27,1,4,17,22,35,42,7
1196,2017/07/31,6,7,19,31,39,41,14
1197,2017/08/03,3,24,28,36,37,39,27
1198,2017/08/07,1,14,20,26,27,34,33
1199,2017/08/10,9,10,11,20,28,40,17
1200,2017/08/14,2,8,10,12,31,42,21
1201,2017/08/17,1,15,19,22,26,28,33
1202,2017/08/21,9,12,15,19,26,39,28
1203,2017/08/24,2,4,6,37,39,42,41
1204,2017/08/28,10,20,21,24,39,43,17
1205,2017/08/31,12,25,26,32,35,42,2
1206,2017/09/04,11,19,20,26,32,33,22
1207,2017/09/07,6,16,17,20,22,43,34
1208,2017/09/11,5,14,20,30,38,41,8
1209,2017/09/14,11,12,24,32,38,40,7
1210,2017/09/18,5,6,12,16,23,36,9
1211,2017/09/21,3,8,24,25,26,28,43
1212,2017/09/25,2,16,27,35,40,42,25
1213,2017/09/28,3,13,22,26,30,39,1
1214,2017/10/02,2,19,23,30,33,36,40
1215,2017/10/05,3,6,9,15,21,42,7
1216,2017/10/09,8,14,25,39,42,43,37
1217,2017/10/12,14,16,17,34,36,41,25
1218,2017/10/16,5,8,13,20,28,42,35
1219,2017/10/19,14,22,24,36,39,42,32
1220,2017/10/23,9,15,21,23,32,42,14
1221,2017/10/26,3,10,11,31,33,36,21
1222,2017/10/30,1,5,7,11,29,39,40
1223,2017/11/02,12,22,28,30,36,43,34
1224,2017/11/06,5,18,33,38,41,43,6
1225,2017/11/09,19,22,25,30,33,34,36
1226,2017/11/13,7,8,28,34,37,41,13
1227,2017/11/16,1,8,14,28,40,43,6
1228,2017/11/20,6,18,19,25,28,40,3
1229,2017/11/23,10,28,35,37,39,43,16
1230,2017/11/27,1,2,6,9,17,38,34
1231,2017/11/30,1,14,16,24,32,36,2
1232,2017/12/04,5,10,14,31,35,38,16
1233,2017/12/07,2,7,12,21,29,33,16
1234,2017/12/11,7,11,16,20,30,40,28
1235,2017/12/14,8,17,24,34,36,42,33
1236,2017/12/18,1,3,11,26,38,39,34
1237,2017/12/21,1,4,6,35,38,40,27
1238,2017/12/25,8,14,28,29,33,40,32
1239,2017/12/28,2,19,27,28,30,38,22
1240,2018/01/04,15,18,22,36,37,39,26
1241,2018/01/08,4,7,15,17,23,25,8
1242,2018/01/11,12,22,28,34,37,42,33
1243,2018/01/15,23,24,32,37,41,42,29
1244,2018/01/18,10,15,17,18,20,41,35
1245,2018/01/22,13,15,27,30,31,39,8
1246,2018/01/25,4,10,11,23,36,37,34
1247,2018/01/29,4,7,17,18,26,36,35
1248,2018/02/01,2,6,14,28,34,37,3
1249,2018/02/05,5,8,15,20,25,27,6
1250,2018/02/08,3,10,18,22,23,40,27
1251,2018/02/12,21,28,31,33,34,40,23
1252,2018/02/15,4,15,18,19,22,29,37
1253,2018/02/19,1,12,14,24,33,37,15
1254,2018/02/22,7,8,11,15,36,39,37
1255,2018/02/26,2,14,15,27,40,43,41
1256,2018/03/01,2,5,16,32,35,41,25
1257,2018/03/05,1,11,19,23,32,37,14
1258,2018/03/08,8,14,20,25,31,41,35
1259,2018/03/12,10,16,20,26,33,36,41
1260,2018/03/15,3,8,16,19,25,26,32
1261,2018/03/19,9,20,26,29,30,34,42
1262,2018/03/22,4,11,15,20,24,43,10
1263,2018/03/26,3,8,13,14,31,37,6
1264,2018/03/29,1,6,27,33,35,43,15
1265,2018/04/02,5,20,26,27,28,33,12
1266,2018/04/05,3,12,16,23,25,28,17
1267,2018/04/09,4,18,31,33,34,41,9
1268,2018/04/12,8,11,15,22,35,36,30
1269,2018/04/16,9,10,11,33,39,42,25
1270,2018/04/19,9,10,24,30,35,40,38
1271,2018/04/23,1,11,14,27,39,42,32
1272,2018/04/26,4,9,13,32,37,38,42
1273,2018/04/30,18,20,22,26,34,37,4
1274,2018/05/03,3,15,18,23,31,37,34
1275,2018/05/07,7,19,21,28,40,41,3
1276,2018/05/10,5,6,9,11,16,35,22
1277,2018/05/14,12,16,20,22,31,43,33
1278,2018/05/17,3,4,18,28,34,36,6
1279,2018/05/21,4,10,16,17,20,24,31
1280,2018/05/24,1,9,11,21,29,36,7
1281,2018/05/28,3,7,9,15,29,40,17
1282,2018/05/31,1,4,10,11,24,28,29
1283,2018/06/04,1,26,27,30,37,38,4
1284,2018/06/07,4,14,17,21,24,39,7
1285,2018/06/11,7,8,13,36,38,42,6
1286,2018/06/14,11,32,37,39,41,42,43
1287,2018/06/18,9,21,23,34,37,38,40
1288,2018/06/21,8,9,19,24,35,43,11
1289,2018/06/25,6,9,16,24,29,37,3
1290,2018/06/28,18,24,27,32,35,41,10
1291,2018/07/02,2,6,8,12,13,17,1
1292,2018/07/05,1,18,29,30,31,37,35
1293,2018/07/09,2,5,15,27,30,35,11
1294,2018/07/12,7,14,18,26,28,39,2
1295,2018/07/16,14,23,31,37,39,43,32
1296,2018/07/19,5,11,15,16,23,32,4
1297,2018/07/23,1,2,7,29,34,42,41
1298,2018/07/26,4,6,15,22,30,42,7
1299,2018/07/30,3,12,24,28,38,39,10
1300,2018/08/02,3,18,25,26,32,33,27
1301,2018/08/06,6,7,9,16,30,41,22
1302,2018/08/09,4,7,25,30,34,43,38
1303,2018/08/13,7,10,24,33,35,42,43
1304,2018/08/16,6,25,30,38,40,42,17
1305,2018/08/20,4,6,19,36,38,40,28
1306,2018/08/23,7,11,23,36,38,41,37
1307,2018/08/27,6,25,27,28,30,43,14
1308,2018/08/30,6,9,10,15,34,39,3
1309,2018/09/03,24,32,34,36,41,43,23
1310,2018/09/06,9,24,25,27,34,36,14
1311,2018/09/10,12,23,26,29,36,37,15
1312,2018/09/13,13,24,25,26,32,39,6
1313,2018/09/17,5,12,21,31,36,43,27
1314,2018/09/20,3,10,20,21,27,33,39
1315,2018/09/24,3,8,23,30,32,40,31
1316,2018/09/27,6,16,26,35,36,39,14
1317,2018/10/01,6,10,13,19,32,43,22
1318,2018/10/04,2,3,7,14,19,41,34
1319,2018/10/08,9,10,19,21,28,30,43
1320,2018/10/11,4,6,12,16,17,34,28
1321,2018/10/15,10,24,31,40,41,43,33
1322,2018/10/18,2,3,13,28,32,37,7
1323,2018/10/22,5,6,10,24,29,40,26
1324,2018/10/25,1,7,8,17,25,42,11
1325,2018/10/29,8,18,23,26,33,38,34
1326,2018/11/01,2,3,9,12,30,41,21
1327,2018/11/05,2,3,13,22,23,30,27
1328,2018/11/08,7,9,23,32,37,40,41
1329,2018/11/12,11,15,18,22,37,42,31
1330,2018/11/15,2,19,24,32,36,43,30
1331,2018/11/19,2,14,30,31,38,39,26
1332,2018/11/22,5,15,18,22,33,40,6
1333,2018/11/26,2,9,15,22,26,35,5
1334,2018/11/29,1,2,7,14,29,43,40
1335,2018/12/03,10,16,19,34,35,39,4
1336,2018/12/06,4,5,11,19,31,34,43
1337,2018/12/10,3,6,21,28,29,34,15
1338,2018/12/13,2,6,23,25,30,31,35
1339,2018/12/17,1,10,15,33,34,42,39
1340,2018/12/20,6,15,18,20,26,29,9
1341,2018/12/24,9,12,15,16,26,39,34
1342,2018/12/27,1,4,9,16,23,31,42
1343,2019/01/07,2,8,10,12,19,23,16
1344,2019/01/10,8,16,20,28,37,43,29
1345,2019/01/14,1,15,26,27,29,33,18
1346,2019/01/17,5,10,22,27,38,42,36
1347,2019/01/21,8,10,11,18,36,43,7
1348,2019/01/24,1,2,14,19,21,33,43
1349,2019/01/28,2,16,19,32,34,42,33
1350,2019/01/31,7,8,9,10,20,38,16
1351,2019/02/04,8,14,18,22,28,29,5
1352,2019/02/07,5,6,9,15,19,36,22
1353,2019/02/11,2,11,12,19,21,24,36
1354,2019/02/14,4,25,27,28,32,41,26
1355,2019/02/18,5,15,27,29,34,37,12
1356,2019/02/21,4,6,10,16,24,43,12
1357,2019/02/25,2,3,8,15,19,28,21
1358,2019/02/28,9,15,23,27,29,40,28
1359,2019/03/04,6,8,14,18,25,41,9
1360,2019/03/07,4,9,10,16,17,42,23
1361,2019/03/11,3,4,12,18,28,38,32
1362,2019/03/14,8,16,19,28,36,39,1
1363,2019/03/18,2,5,23,36,37,41,43
1364,2019/03/21,5,13,14,16,25,27,3
1365,2019/03/25,4,7,14,20,31,41,32
1366,2019/03/28,14,15,17,29,31,39,10
1367,2019/04/01,3,8,11,14,22,41,34
1368,2019/04/04,6,11,17,20,34,35,10
1369,2019/04/08,12,15,25,32,41,43,7
1370,2019/04/11,8,22,24,30,40,41,2
1371,2019/04/15,4,5,6,7,24,28,30
1372,2019/04/18,3,5,10,21,33,39,8
1373,2019/04/22,1,10,13,18,20,41,11
1374,2019/04/25,1,4,5,19,23,35,36
1375,2019/04/29,2,5,21,22,31,38,28
1376,2019/05/02,2,5,22,31,32,43,27
1377,2019/05/06,1,7,13,24,40,43,20
1378,2019/05/09,1,10,15,24,35,43,9
1379,2019/05/13,1,2,19,21,24,37,32
1380,2019/05/16,1,3,24,26,29,33,42
1381,2019/05/20,2,4,5,16,19,38,25
1382,2019/05/23,8,9,12,25,26,28,32
1383,2019/05/27,2,4,9,15,18,39,24
1384,2019/05/30,3,6,13,32,38,43,40
1385,2019/06/03,9,20,28,35,41,43,23
1386,2019/06/06,4,11,14,15,20,38,35
1387,2019/06/10,11,27,29,30,37,38,33
1388,2019/06/13,9,10,12,15,29,37,11
1389,2019/06/17,6,16,21,23,26,42,43
1390,2019/06/20,10,11,13,28,34,39,35
1391,2019/06/24,3,12,23,31,36,42,43
1392,2019/06/27,6,9,12,19,40,42,7
1393,2019/07/01,7,11,26,32,42,43,24
1394,2019/07/04,8,9,35,36,42,43,22
1395,2019/07/08,5,16,18,27,30,43,25
1396,2019/07/11,3,7,11,15,23,41,21
1397,2019/07/15,9,18,19,21,25,26,7
1398,2019/07/18,23,29,34,35,40,43,42
1399,2019/07/22,7,20,21,33,41,43,8
1400,2019/07/25,8,10,26,31,34,39,36
1401,2019/07/29,2,13,23,24,25,33,36
1402,2019/08/01,10,24,26,33,36,42,28
1403,2019/08/05,1,3,10,27,34,41,22
1404,2019/08/08,2,17,29,37,38,39,5
1405,2019/08/12,3,4,6,19,23,24,42
1406,2019/08/15,20,24,27,29,34,35,43
1407,2019/08/19,10,13,19,28,33,39,15
1408,2019/08/22,2,17,24,26,34,43,32
1409,2019/08/26,5,6,8,20,22,25,13
1410,2019/08/29,8,14,17,25,36,41,23
1411,2019/09/02,2,5,7,20,25,28,3
1412,2019/09/05,2,19,24,25,32,42,8
1413,2019/09/09,7,13,17,21,24,26,12
1414,2019/09/12,12,19,21,26,40,41,20
1415,2019/09/16,1,3,7,34,39,40,33
1416,2019/09/19,2,9,10,15,24,36,13
1417,2019/09/23,3,10,25,26,27,31,5
1418,2019/09/26,4,21,32,35,42,43,15
1419,2019/09/30,5,10,11,12,21,37,41
1420,2019/10/03,1,2,14,16,22,28,4
1421,2019/10/07,2,14,20,23,37,43,30
1422,2019/10/10,12,14,17,20,24,30,39
1423,2019/10/14,11,24,29,36,37,42,13
1424,2019/10/17,6,7,25,26,33,36,19
1425,2019/10/21,1,24,28,33,35,42,27
1426,2019/10/24,4,13,17,19,30,43,24
1427,2019/10/28,1,7,25,26,38,41,31
1428,2019/10/31,16,18,19,34,35,36,6
1429,2019/11/04,4,8,13,18,21,23,22
1430,2019/11/07,4,7,9,12,20,28,3
1431,2019/11/11,2,27,28,33,38,40,30
1432,2019/11/14,4,5,15,32,33,43,13
1433,2019/11/18,3,5,12,16,38,42,6
1434,2019/11/21,2,20,30,38,39,40,4
1435,2019/11/25,2,4,16,21,22,40,9
1436,2019/11/28,3,7,17,18,30,36,33
1437,2019/12/02,3,11,24,25,37,40,14
1438,2019/12/05,2,5,6,20,33,38,22
1439,2019/12/09,11,17,23,28,34,41,4
1440,2019/12/12,1,7,20,31,41,42,28
1441,2019/12/16,12,22,24,33,35,42,36
1442,2019/12/19,12,21,35,36,40,43,39
1443,2019/12/23,2,4,8,10,22,33,28
1444,2019/12/26,11,20,24,25,30,37,14
1445,2019/12/30,3,14,24,29,30,42,21
1446,2020/01/09,2,5,11,20,21,32,13
1447,2020/01/13,2,9,12,13,14,22,10
1448,2020/01/16,10,12,25,29,32,41,40
1449,2020/01/20,6,19,20,26,34,38,4
1450,2020/01/23,24,25,26,27,34,36,3
1451,2020/01/27,2,6,10,20,24,43,34
1452,2020/01/30,17,19,29,31,37,39,35
1453,2020/02/03,10,22,26,27,28,41,39
1454,2020/02/06,3,15,19,34,37,40,41
1455,2020/02/10,1,10,12,22,34,43,23
1456,2020/02/13,2,18,19,24,29,31,33
1457,2020/02/17,1,3,11,17,20,37,29
1458,2020/02/20,4,16,19,22,26,29,6
1459,2020/02/24,2,17,19,24,28,29,7
1460,2020/02/27,3,6,10,15,29,30,4
1461,2020/03/02,5,7,8,18,22,26,24
1462,2020/03/05,4,18,19,28,33,36,9
1463,2020/03/09,18,29,32,34,35,39,36
1464,2020/03/12,8,13,14,18,29,31,23
1465,2020/03/16,11,15,16,24,28,38,3
1466,2020/03/19,6,10,15,18,32,40,35
1467,2020/03/23,3,14,16,25,26,38,7
1468,2020/03/26,4,8,15,24,25,31,26
1469,2020/03/30,4,9,10,13,24,27,22
1470,2020/04/02,4,8,14,16,39,40,23
1471,2020/04/06,1,3,8,32,37,43,24
1472,2020/04/09,1,6,7,9,23,40,43
1473,2020/04/13,1,5,6,27,33,38,11
1474,2020/04/16,4,6,8,22,27,32,26
1475,2020/04/20,6,7,9,20,21,27,2
1476,2020/04/23,6,22,38,40,41,42,35
1477,2020/04/27,4,13,14,25,27,32,1
1478,2020/04/30,7,12,15,21,40,42,32
1479,2020/05/04,1,20,30,32,35,37,33
1480,2020/05/07,2,4,5,6,24,34,39
1481,2020/05/11,3,9,21,31,41,42,18
1482,2020/05/14,8,26,28,32,41,43,14
1483,2020/05/18,3,10,20,23,29,43,22
1484,2020/05/21,4,12,17,18,23,41,28
1485,2020/05/25,9,10,18,27,28,35,37
1486,2020/05/28,18,24,29,33,39,42,34
1487,2020/06/01,5,7,9,17,24,35,36
1488,2020/06/04,4,10,11,17,34,37,38
1489,2020/06/08,4,6,11,13,23,32,1
1490,2020/06/11,7,19,24,29,39,43,11
1491,2020/06/15,8,11,23,31,34,37,1
1492,2020/06/18,4,16,18,32,38,42,36
1493,2020/06/22,11,18,24,27,37,38,15
1494,2020/06/25,8,15,17,24,26,38,27
1495,2020/06/29,18,24,32,34,37,41,22
1496,2020/07/02,5,9,13,16,17,34,37
1497,2020/07/06,6,22,28,30,35,37,8
1498,2020/07/09,1,6,7,9,31,37,43
1499,2020/07/13,10,11,27,28,29,37,13
1500,2020/07/16,19,21,22,28,29,30,4
